<?xml version="1.0" encoding="utf-8"?>
<rules>
	<ruleset name="Sat">
		<rule type="Marker" Number="1" Name="Mono 13E" Link="https://gioppygio.it/settings/e2/GioppyGio_E2_Mono_13E_11-12-2022.zip" Date="11122022"/>
		<rule type="Marker" Number="2" Name="Mono 13E + DTT Agrigento" Link="https://gioppygio.it/settings/Utenti/GioppyGio_E2_Mono_13E%20DTT-Agrigento_11-12-2022.zip" Date="11122022"/>
		<rule type="Marker" Number="46" Name="Mono 13E + DTT Alt.Villa Milicia (PA)" Link="https://gioppygio.it/settings/Utenti/GioppyGio_E2_Mono_13E%20DTT-Alt.Villa%20Milicia%20(PA)_11-12-2022.zip" Date="11122022" />
		<rule type="Marker" Number="7" Name="Mono 13E + DTT Bari" Link="https://gioppygio.it/settings/Utenti/GioppyGio_E2_Mono_13E%20DTT-Bari_11-12-2022.zip" Date="11122022"/>
		<rule type="Marker" Number="57" Name="Mono 13E + DTT Besozzo (VA)" Link="https://gioppygio.it/settings/Utenti/GioppyGio_E2_Mono_13E%20DTT-Besozzo%20(VA)_11-12-2022.zip" Date="11122022" />
		<rule type="Marker" Number="64" Name="Mono 13E + DTT Bolzano" Link="https://gioppygio.it/settings/Utenti/GioppyGio_E2_Mono_13E%20DTT-Bolzano_11-12-2022.zip" Date="11122022" />
		<rule type="Marker" Number="87" Name="Mono 13E + DTT Cagliari" Link="https://gioppygio.it/settings/Utenti/GioppyGio_E2_Mono_13E%20DTT-Cagliari_11-12-2022.zip" Date="11122022" />
		<rule type="Marker" Number="71" Name="Mono 13E + DTT Caprino Veronese (VR)" Link="https://gioppygio.it/settings/Utenti/GioppyGio_E2_Mono_13E%20DTT-Caprino%20Veronese%20(VR)_11-12-2022.zip" Date="11122022" />
		<rule type="Marker" Number="49" Name="Mono 13E + DTT Campana (CS)" Link="https://gioppygio.it/settings/Utenti/GioppyGio_E2_Mono_13E%20DTT-Canpana%20(CS)_11-12-2022.zip" Date="11122022"/>
		<rule type="Marker" Number="3" Name="Mono 13E + DTT Alta Murgia" Link="https://gioppygio.it/settings/e2+dtt/Alta%20Murgia/GioppyGio_E2_Mono_13E+DTT-AltaMurgia_11-12-2022.zip" Date="11122022"/>
		<rule type="Marker" Number="4" Name="Mono 13E + DTT Avellino" Link="https://gioppygio.it/settings/e2+dtt/Avellino/GioppyGio_E2_Mono_13E+DTT-Avellino_11-12-2022.zip" Date="11122022"/>
		<rule type="Marker" Number="6" Name="Mono 13E + DTT Caserta" Link="https://gioppygio.it/settings/Utenti/GioppyGio_E2_Mono_13E%20DTT-Caserta_11-12-2022.zip" Date="11122022"/>
		<rule type="Marker" Number="84" Name="Mono 13E + DTT Castellammare Stabia" Link="https://gioppygio.it/settings/Utenti/GioppyGio_E2_Mono_13E%20DTT-Castellammare%20di%20stabia_11-12-2022.zip" Date="11122022" />
		<rule type="Marker" Number="8" Name="Mono 13E + DTT Catania Barriera" Link="https://gioppygio.it/settings/Utenti/GioppyGio_E2_Mono_13E%20DTT-Catania%20Barriera_11-12-2022.zip" Date="11122022"/>
		<rule type="Marker" Number="54" Name="Mono 13E + DTT Catanzaro" Link="https://gioppygio.it/settings/Utenti/GioppyGio_E2_Mono_13E%20DTT-Catanzaro_11-12-2022.zip" Date="11122022"/>
		<rule type="Marker" Number="78" Name="Mono 13E + DTT Cheri (TO)" Link="https://gioppygio.it/settings/Utenti/GioppyGio_E2_Mono_13E%20DTT-Cheri%20(TO)_11-12-2022.zip" Date="11122022" />
		<rule type="Marker" Number="9" Name="Mono 13E + DTT Cosenza" Link="https://gioppygio.it/settings/Utenti/GioppyGio_E2_Mono_13E%20DTT-Cosenza_11-12-2022.zip" Date="11122022"/>
		<rule type="Marker" Number="55" Name="Mono 13E + DTT Crispiano (TA)" Link="https://gioppygio.it/settings/Utenti/GioppyGio_E2_Mono_13E%20DTT-Crispiano%20(TA)_11-12-2022.zip" Date="11122022"/>
		<rule type="Marker" Number="76" Name="Mono 13E + DTT Emilia Romagna" Link="https://gioppygio.it/settings/Utenti/GioppyGio_E2_Mono_13E%20DTT-Emilia%20Romagna_11-12-2022.zip" Date="11122022" />
		<rule type="Marker" Number="82" Name="Mono 13E + DTT Firenze" Link="https://gioppygio.it/settings/Utenti/GioppyGio_E2_Mono_13E%20DTT-Firenze_11-12-2022.zip" Date="11122022" />
		<rule type="Marker" Number="48" Name="Mono 13E + DTT Forchia (BN)" Link="https://gioppygio.it/settings/Utenti/GioppyGio_E2_Mono_13E%20DTT-Forchia%20(BN)_11-12-2022.zip" Date="11122022"/>
		<rule type="Marker" Number="70" Name="Mono 13E + DTT Frosinone" Link="https://gioppygio.it/settings/Utenti/GioppyGio_E2_Mono_13E%20DTT-Frosinone_11-12-2022.zip" Date="11122022" />
		<rule type="Marker" Number="73" Name="Mono 13E + DTT G.no Campania (NA)" Link="https://gioppygio.it/settings/Utenti/GioppyGio_E2_Mono_13E%20DTT-Giugliano%20in%20Campania%20(NA)_11-12-2022.zip" Date="11122022" />
		<rule type="Marker" Number="65" Name="Mono 13E + DTT Gravina di Catania" Link="https://gioppygio.it/settings/Utenti/GioppyGio_E2_Mono_13E%20DTT-Gravina%20di%20Catania_11-12-2022.zip" Date="11122022" />
		<rule type="Marker" Number="62" Name="Mono 13E + DTT Gravina di Puglia (BA)" Link="https://gioppygio.it/settings/Utenti/GioppyGio_E2_Mono_13E%20DTT-Gravina%20di%20Puglia%20(BA)_11-12-2022.zip" Date="11122022" />
		<rule type="Marker" Number="12" Name="Mono 13E + DTT Enna" Link="https://gioppygio.it/settings/e2+dtt/Enna/GioppyGio_E2_Mono_13E+DTT-Enna_11-12-2022.zip" Date="11122022"/>
		<rule type="Marker" Number="13" Name="Mono 13E + DTT Fermo" Link="https://gioppygio.it/settings/e2+dtt/Fermo/GioppyGio_E2_Mono_13E+DTT-Fermo_11-12-2022.zip" Date="11122022"/>
		<rule type="Marker" Number="14" Name="Mono 13E + DTT Gubbio" Link="https://gioppygio.it/settings/Utenti/GioppyGio_E2_Mono_13E%20DTT-Gubbio_11-12-2022.zip" Date="11122022"/>
		<rule type="Marker" Number="83" Name="Mono 13E + DTT Itri (LT)" Link="https://gioppygio.it/settings/Utenti/GioppyGio_E2_Mono_13E%20DTT-Itri%20(LT)_11-12-2022.zip" Date="11122022" />
		<rule type="Marker" Number="53" Name="Mono 13E + DTT L'Aquila" Link="https://gioppygio.it/settings/Utenti/GioppyGio_E2_Mono_13E%20DTT-L'Aquila_11-12-2022.zip" Date="11122022"/>
		<rule type="Marker" Number="15" Name="Mono 13E + DTT Italia" Link="https://gioppygio.it/settings/e2+dtt/Italia/GioppyGio_E2_Mono_13E+DTT-Italia_11-12-2022.zip" Date="11122022"/>
		<rule type="Marker" Number="16" Name="Mono 13E + DTT Lago Garda (VR)" Link="https://gioppygio.it/settings/Utenti/GioppyGio_E2_Mono_13E%20DTT-Lago%20di%20Garda%20(VR)_11-12-2022.zip" Date="11122022"/>
		<rule type="Marker" Number="79" Name="Mono 13E + DTT Lecco" Link="https://gioppygio.it/settings/Utenti/GioppyGio_E2_Mono_13E%20DTT-Lecco_11-12-2022.zip" Date="11122022" />
		<rule type="Marker" Number="58" Name="Mono 13E + DTT Lesignano Bagni (PR)" Link="https://gioppygio.it/settings/Utenti/GioppyGio_E2_Mono_13E%20DTT-Lesignano%20Bagni%20(PR)_11-12-2022.zip" Date="11122022" />
		<rule type="Marker" Number="11" Name="Mono 13E + DTT Lucca" Link="https://gioppygio.it/settings/Utenti/GioppyGio_E2_Mono_13E%20DTT-Lucca_11-12-2022.zip" Date="11122022"/>
		<rule type="Marker" Number="27" Name="Mono 13E + DTT Martina Franca (TA)" Link="https://gioppygio.it/settings/Utenti/GioppyGio_E2_Mono_13E%20DTT-Martina%20Franca_11-12-2022.zip" Date="11122022"/>
		<rule type="Marker" Number="17" Name="Mono 13E + DTT Lecce" Link="https://gioppygio.it/settings/e2+dtt/Lecce/GioppyGio_E2_Mono_13E+DTT-Lecce_11-12-2022.zip" Date="11122022"/>
		<rule type="Marker" Number="18" Name="Mono 13E + DTT Matera" Link="https://gioppygio.it/settings/e2+dtt/Matera/GioppyGio_E2_Mono_13E+DTT-Matera_11-12-2022.zip" Date="11122022"/>
		<rule type="Marker" Number="19" Name="Mono 13E + DTT Messina" Link="https://gioppygio.it/settings/Utenti/GioppyGio_E2_Mono_13E%20DTT-Messina_11-12-2022.zip" Date="11122022"/>
		<rule type="Marker" Number="66" Name="Mono 13E + DTT Milano-Miazza" Link="https://gioppygio.it/settings/Utenti/GioppyGio_E2_Mono_13E%20DTT-Milano-Miazza_11-12-2022.zip" Date="11122022" />
		<rule type="Marker" Number="20" Name="Mono 13E + DTT Milazzo (ME)" Link="https://gioppygio.it/settings/Utenti/GioppyGio_E2_Mono_13E%20DTT-Milazzo%20(ME)_11-12-2022.zip" Date="11122022"/>
		<rule type="Marker" Number="67" Name="Mono 13E + DTT Modena" Link="https://gioppygio.it/settings/Utenti/GioppyGio_E2_Mono_13E%20DTT-Modena_11-12-2022.zip" Date="11122022" />
		<rule type="Marker" Number="21" Name="Mono 13E + DTT Milano" Link="https://gioppygio.it/settings/e2+dtt/Milano/GioppyGio_E2_Mono_13E+DTT-Milano_11-12-2022.zip" Date="11122022"/>
		<rule type="Marker" Number="47" Name="Mono 13E + DTT Monza Brianza" Link="https://gioppygio.it/settings/Utenti/GioppyGio_E2_Mono_13E%20DTT-Monza%20Brianza_11-12-2022.zip" Date="11122022"/>
		<rule type="Marker" Number="74" Name="Mono 13E + DTT Nocera Inf." Link="https://gioppygio.it/settings/Utenti/GioppyGio_E2_Mono_13E%20DTT-Nocera%20Inf._11-12-2022.zip" Date="11122022" />
		<rule type="Marker" Number="22" Name="Mono 13E + DTT Montelauro (CT)" Link="https://gioppygio.it/settings/Utenti/GioppyGio_E2_Mono_13E%20DTT-Montelauro%20(CT)_11-12-2022.zip" Date="11122022"/>
		<rule type="Marker" Number="23" Name="Mono 13E + DTT Napoli" Link="https://gioppygio.it/settings/e2+dtt/Napoli/GioppyGio_E2_Mono_13E+DTT-Napoli_11-12-2022.zip" Date="11122022"/>
		<rule type="Marker" Number="50" Name="Mono 13E + DTT Novara" Link="https://gioppygio.it/settings/Utenti/GioppyGio_E2_Mono_13E%20DTT-Novara_11-12-2022.zip" Date="11122022"/>
		<rule type="Marker" Number="52" Name="Mono 13E + DTT Oschiri (SS)" Link="https://gioppygio.it/settings/Utenti/GioppyGio_E2_Mono_13E%20DTT-Oschiri%20(SS)_11-12-2022.zip" Date="11122022"/>
		<rule type="Marker" Number="86" Name="Mono 13E + DTT Piacenza" Link="https://gioppygio.it/settings/Utenti/GioppyGio_E2_Mono_13E%20DTT-Piacenza_11-12-2022.zip" Date="11122022" />
		<rule type="Marker" Number="24" Name="Mono 13E + DTT Palermo" Link="https://gioppygio.it/settings/e2+dtt/Palermo/GioppyGio_E2_Mono_13E+DTT-Palermo_11-12-2022.zip" Date="11122022"/>
		<rule type="Marker" Number="25" Name="Mono 13E + DTT Pescara" Link="https://gioppygio.it/settings/e2+dtt/Pescara/GioppyGio_E2_Mono_13E+DTT-Pescara_11-12-2022.zip" Date="11122022"/>
		<rule type="Marker" Number="26" Name="Mono 13E + DTT Pisa" Link="https://gioppygio.it/settings/Utenti/GioppyGio_E2_Mono_13E%20DTT-Pisa_11-12-2022.zip" Date="11122022"/>
		<rule type="Marker" Number="10" Name="Mono 13E + DTT Pompei" Link="https://gioppygio.it/settings/Utenti/GioppyGio_E2_Mono_13E%20DTT-Pompei_11-12-2022.zip" Date="11122022"/>
		<rule type="Marker" Number="28" Name="Mono 13E + DTT Ponte di Piave (TV)" Link="https://gioppygio.it/settings/Utenti/GioppyGio_E2_Mono_13E%20DTT-Ponte%20di%20Piave%20(TV)_11-12-2022.zip" Date="11122022"/>
		<rule type="Marker" Number="29" Name="Mono 13E + DTT Porto Empedocle" Link="https://gioppygio.it/settings/Utenti/GioppyGio_E2_Mono_13E%20DTT-Porto%20Empedocle_11-12-2022.zip" Date="11122022"/>
		<rule type="Marker" Number="59" Name="Mono 13E + DTT Prato" Link="https://gioppygio.it/settings/Utenti/GioppyGio_E2_Mono_13E%20DTT-Prato_11-12-2022.zip" Date="11122022" />
		<rule type="Marker" Number="80" Name="Mono 13E + DTT Reggio Cabria" Link="https://gioppygio.it/settings/Utenti/GioppyGio_E2_Mono_13E%20DTT-Reggio%20Calabria_11-12-2022.zip" Date="11122022" />
		<rule type="Marker" Number="68" Name="Mono 13E + DTT Reggio Emilia" Link="https://gioppygio.it/settings/Utenti/GioppyGio_E2_Mono_13E%20DTT-Reggio%20Emilia_11-12-2022.zip" Date="11122022" />
		<rule type="Marker" Number="31" Name="Mono 13E + DTT Roma Aurelio" Link="https://gioppygio.it/settings/Utenti/GioppyGio_E2_Mono_13E%20DTT-Roma%20Aurelio_11-12-2022.zip" Date="11122022"/>
		<rule type="Marker" Number="32" Name="Mono 13E + DTT Roma Est" Link="https://gioppygio.it/settings/Utenti/GioppyGio_E2_Mono_13E%20DTT-Roma%20Est_11-12-2022.zip" Date="11122022"/>
		<rule type="Marker" Number="33" Name="Mono 13E + DTT Roma Nord" Link="https://gioppygio.it/settings/Utenti/GioppyGio_E2_Mono_13E%20DTT-Roma%20Nord_11-12-2022.zip" Date="11122022"/>
		<rule type="Marker" Number="34" Name="Mono 13E + DTT Roma" Link="https://gioppygio.it/settings/e2+dtt/Roma/GioppyGio_E2_Mono_13E+DTT-Roma_11-12-2022.zip" Date="11122022"/>
		<rule type="Marker" Number="51" Name="Mono 13E + DTT Rosolini (SR)" Link="https://gioppygio.it/settings/Utenti/GioppyGio_E2_Mono_13E%20DTT-Rosolini%20(SR)_11-12-2022.zip" Date="11122022"/>
		<rule type="Marker" Number="89" Name="Mono 13E + DTT Rossano (CS" Link="https://gioppygio.it/settings/Utenti/GioppyGio_E2_Mono_13E%20DTT-Rossano%20(CS)_11-12-2022.zip" Date="11122022" />
		<rule type="Marker" Number="72" Name="Mono 13E + DTT Rovigo" Link="https://gioppygio.it/settings/Utenti/GioppyGio_E2_Mono_13E%20DTT-Rovigo_11-12-2022.zip" Date="11122022" />
		<rule type="Marker" Number="30" Name="Mono 13E + DTT S.Agata li Battiati (CT)" Link="https://gioppygio.it/settings/Utenti/GioppyGio_E2_Mono_13E%20DTT-S.Agata%20li%20Battiati%20(CT)_11-12-2022.zip" Date="11122022"/>
		<rule type="Marker" Number="75" Name="Mono 13E + DTT S.Antonio Abate (NA)" Link="https://gioppygio.it/settings/Utenti/GioppyGio_E2_Mono_13E%20DTT-S.Antonio%20Abate(NA)_11-12-2022.zip" Date="11122022" />
		<rule type="Marker" Number="35" Name="Mono 13E + DTT Salerno" Link="https://gioppygio.it/settings/e2+dtt/Salerno/GioppyGio_E2_Mono_13E+DTT-Salerno_11-12-2022.zip" Date="11122022"/>
		<rule type="Marker" Number="36" Name="Mono 13E + DTT San G.Rotondo (FG)" Link="https://gioppygio.it/settings/Utenti/GioppyGio_E2_Mono_13E%20DTT-San%20G.%20Rotondo%20(FG)_11-12-2022.zip" Date="11122022"/>
		<rule type="Marker" Number="81" Name="Mono 13E + DTT S.B.del Tronto" Link="https://gioppygio.it/settings/Utenti/GioppyGio_E2_Mono_13E%20DTT-San%20Benedetto%20del%20Tronto_11-12-2022.zip" Date="11122022" />
		<rule type="Marker" Number="63" Name="Mono 13E + DTT Santeramo (BA)" Link="https://gioppygio.it/settings/Utenti/GioppyGio_E2_Mono_13E%20DTT-Santeramo%20in%20Colle%20%20(BA)_11-12-2022.zip" Date="11122022" />
		<rule type="Marker" Number="61" Name="Mono 13E + DTT Sacinaro (AQ)" Link="https://gioppygio.it/settings/Utenti/GioppyGio_E2_Mono_13E%20DTT-Secinaro%20(AQ)_11-12-2022.zip" Date="11122022" />
		<rule type="Marker" Number="37" Name="Mono 13E + DTT Serpeddi" Link="https://gioppygio.it/settings/Utenti/GioppyGio_E2_Mono_13E%20DTT-Serpeddi%20(CA)_11-12-2022.zip" Date="11122022"/>
		<rule type="Marker" Number="77" Name="Mono 13E + DTT Sicicli (RG)" Link="https://gioppygio.it/settings/Utenti/GioppyGio_E2_Mono_13E%20DTT-Sicicli%20(RG)_11-12-2022.zip" Date="11122022" />
		<rule type="Marker" Number="38" Name="Mono 13E + DTT Sperlonga (LT)" Link="https://gioppygio.it/settings/Utenti/GioppyGio_E2_Mono_13E%20DTT-Sperlonga%20(LT)_11-12-2022.zip" Date="11122022"/>
		<rule type="Marker" Number="69" Name="Mono 13E + DTT Spoleto" Link="https://gioppygio.it/settings/Utenti/GioppyGio_E2_Mono_13E%20DTT-Spoleto_11-12-2022.zip" Date="11122022" />
		<rule type="Marker" Number="39" Name="Mono 13E + DTT Sulmona V.P." Link="https://gioppygio.it/settings/Utenti/GioppyGio_E2_Mono_13E%20DTT-Sulmona-Valle%20Peleglina%20(AQ)_11-12-2022.zip" Date="11122022"/>
		<rule type="Marker" Number="41" Name="Mono 13E + DTT Torino" Link="https://gioppygio.it/settings/e2+dtt/Torino/GioppyGio_E2_Mono_13E+DTT-Torino_11-12-2022.zip" Date="11122022"/>
		<rule type="Marker" Number="56" Name="Mono 13E + DTT Trento" Link="https://gioppygio.it/settings/Utenti/GioppyGio_E2_Mono_13E%20DTT-Trento_11-12-2022.zip" Date="11122022"/>
		<rule type="Marker" Number="85" Name="Mono 13E + DTT Treviso" Link="https://gioppygio.it/settings/Utenti/GioppyGio_E2_Mono_13E%20DTT-Treviso_11-12-2022.zip" Date="11122022" />
		<rule type="Marker" Number="60" Name="Mono 13E + DTT Udine" Link="https://gioppygio.it/settings/Utenti/GioppyGio_E2_Mono_13E%20DTT-Udine_11-12-2022.zip" Date="11122022" />
		<rule type="Marker" Number="42" Name="Mono 13E + DTT Varese" Link="https://gioppygio.it/settings/Utenti/GioppyGio_E2_Mono_13E%20DTT-Varese_11-12-2022.zip" Date="11122022"/>
		<rule type="Marker" Number="40" Name="Mono 13E + DTT Venezia" Link="https://gioppygio.it/settings/Utenti/GioppyGio_E2_Mono_13E%20DTT-Venezia_11-12-2022.zip" Date="11122022"/>
		<rule type="Marker" Number="5" Name="Mono 13E + DTT Verona Est" Link="https://gioppygio.it/settings/Utenti/GioppyGio_E2_Mono_13E%20DTT-Verona%20Est_11-12-2022.zip" Date="11122022" />
		<rule type="Marker" Number="88" Name="Mono 13E + DTT Verona Sud" Link="https://gioppygio.it/settings/Utenti/GioppyGio_E2_Mono_13E%20DTT-Verona%20Sud_11-12-2022.zip" Date="11122022" />
		<rule type="Marker" Number="43" Name="Mono 13E + DTT Villanova D'Asti" Link="https://gioppygio.it/settings/Utenti/GioppyGio_E2_Mono_13E%20DTT-Villanova%20D'Asti_11-12-2022.zip" Date="11122022"/>
		<rule type="Marker" Number="44" Name="Mono 13E + DTT Viterbo" Link="https://gioppygio.it/settings/Utenti/GioppyGio_E2_Mono_13E%20DTT-Viterbo_11-12-2022.zip" Date="11122022"/>
		<rule type="Marker" Number="45" Name="Mono 13E + DTT ZafferanaEtnea(CT)" Link="https://gioppygio.it/settings/Utenti/GioppyGio_E2_Mono_13E%20DTT-Zafferana-Etnea%20(CT)_11-12-2022.zip" Date="11122022"/>
	</ruleset>
	<ruleset name="Satdual">
		<rule type="Marker" Number="1" Name="Dual + 9E - 13E" Link="https://gioppygio.it/settings/e2/GioppyGio_E2_Dual_9E+13E_11-12-2022.zip" Date="11122022"/>
		<rule type="Marker" Number="2" Name="Dual + 13E - 19E" Link="https://gioppygio.it/settings/e2/GioppyGio_E2_Dual_13E+19E_11-12-2022.zip" Date="11122022"/>
		<rule type="Marker" Number="3" Name="Dual + 5W - 13E" Link="https://gioppygio.it/settings/e2/GioppyGio_E2_Dual_5W+13E_11-12-2022.zip" Date="11122022"/>
		<rule type="Marker" Number="4" Name="Dual 13E-19E + DTT Alta Murgia" Link="https://gioppygio.it/settings/e2+dtt/Alta%20Murgia/GioppyGio_E2_Dual_13E+19E+DTT-AltaMurgia_11-12-2022.zip" Date="11122022"/>
		<rule type="Marker" Number="5" Name="Dual 13E-19E + DTT Avellino" Link="https://gioppygio.it/settings/e2+dtt/Avellino/GioppyGio_E2_Dual_13E+19E+DTT-Avellino_11-12-2022.zip" Date="11122022"/>
		<rule type="Marker" Number="5" Name="Dual 13E-19E + DTT Enna" Link="https://gioppygio.it/settings/e2+dtt/Enna/GioppyGio_E2_Dual_13E+19E+DTT-Enna_11-12-2022.zip" Date="11122022"/>
		<rule type="Marker" Number="7" Name="Dual 13E-19E + DTT Fermo" Link="https://gioppygio.it/settings/e2+dtt/Fermo/GioppyGio_E2_Dual_13E+19E+DTT-Fermo_11-12-2022.zip" Date="11122022"/>
		<rule type="Marker" Number="8" Name="Dual 13E-19E + DTT Italia" Link="https://gioppygio.it/settings/e2+dtt/Italia/GioppyGio_E2_Dual_13E+19E+DTT-Italia_11-12-2022.zip" Date="11122022"/>
		<rule type="Marker" Number="9" Name="Dual 13E-19E + DTT Lecce" Link="https://gioppygio.it/settings/e2+dtt/Lecce/GioppyGio_E2_Dual_13E+19E+DTT-Lecce_11-12-2022.zip" Date="11122022"/>
		<rule type="Marker" Number="10" Name="Dual 13E-19E + DTT Matera" Link="https://gioppygio.it/settings/e2+dtt/Matera/GioppyGio_E2_Dual_13E+19E+DTT-Matera_11-12-2022.zip" Date="11122022"/>
		<rule type="Marker" Number="11" Name="Dual 13E-19E + DTT Milano" Link="https://gioppygio.it/settings/e2+dtt/Milano/GioppyGio_E2_Dual_13E+19E+DTT-Milano_11-12-2022.zip" Date="11122022"/>
		<rule type="Marker" Number="12" Name="Dual 13E-19E + DTT Napoli" Link="https://gioppygio.it/settings/e2+dtt/Napoli/GioppyGio_E2_Dual_13E+19E+DTT-Napoli_11-12-2022.zip" Date="11122022"/>
		<rule type="Marker" Number="13" Name="Dual 13E-19E + DTT Palermo" Link="https://gioppygio.it/settings/e2+dtt/Palermo/GioppyGio_E2_Dual_13E+19E+DTT-Palermo_11-12-2022.zip" Date="11122022"/>
		<rule type="Marker" Number="14" Name="Dual 13E-19E + DTT Pescara" Link="https://gioppygio.it/settings/e2+dtt/Pescara/GioppyGio_E2_Dual_13E+19E+DTT-Pescara_11-12-2022.zip" Date="11122022"/>
		<rule type="Marker" Number="15" Name="Dual 13E-19E + DTT Roma" Link="https://gioppygio.it/settings/e2+dtt/Roma/GioppyGio_E2_Dual_13E+19E+DTT-Roma_11-12-2022.zip" Date="11122022"/>
		<rule type="Marker" Number="16" Name="Dual 13E-19E + DTT Salerno" Link="https://gioppygio.it/settings/e2+dtt/Salerno/GioppyGio_E2_Dual_13E+19E+DTT-Salerno_11-12-2022.zip" Date="11122022"/>
		<rule type="Marker" Number="17" Name="Dual 13E-19E + DTT Torino" Link="https://gioppygio.it/settings/e2+dtt/Torino/GioppyGio_E2_Dual_13E+19E+DTT-Torino_11-12-2022.zip" Date="11122022"/>
	</ruleset>
	<ruleset name="Sattrial">
		<rule type="Marker" Number="1" Name="Trial 9E-13E-19E" Link="https://gioppygio.it/settings/e2/GioppyGio_E2_Trial_9E+13E+19E_11-12-2022.zip" Date="11122022"/>
		<rule type="Marker" Number="2" Name="Trial 5W-13E-19E" Link="https://gioppygio.it/settings/e2/GioppyGio_E2_Trial_5W+13E+19E_11-12-2022.zip" Date="11122022"/>
		<rule type="Marker" Number="3" Name="Trial 13E-16E-19E" Link="https://gioppygio.it/settings/e2/GioppyGio_E2_Trial_13E+16E+19E_11-12-2022.zip" Date="11122022"/>
		<rule type="Marker" Number="4" Name="Trial 13E-19E-30W" Link="https://gioppygio.it/settings/e2/GioppyGio_E2_Trial_13E+19E+30W_11-12-2022.zip" Date="11122022"/>
	</ruleset>
	<ruleset name="Satquadri">
		<rule type="Marker" Number="1" Name="Quadri 13E-19E-9E-5W" Link="https://gioppygio.it/settings/e2/GioppyGio_E2_Quadri_13E+19E+9E+5W_11-12-2022.zip" Date="11122022"/>
		<rule type="Marker" Number="2" Name="Quadri 9E-13E-16E-19E" Link="https://gioppygio.it/settings/e2/GioppyGio_E2_Quadri_9E+13E+16E+19E_11-12-2022.zip" Date="11122022"/>
		<rule type="Marker" Number="3" Name="Quadri 13E-16E-19E-30W" Link="https://gioppygio.it/settings/e2/GioppyGio_E2_Quadri_13E+16E+19E+30W_11-12-2022.zip" Date="11122022"/>
		<rule type="Marker" Number="4" Name="Quadri 13E-19E-23E-28E" Link="https://gioppygio.it/settings/e2/GioppyGio_E2_Quadri_13E+19E+23E+28E_11-12-2022.zip" Date="11122022"/>
	</ruleset>
	<ruleset name="Satmotor">
		<rule type="Marker" Number="1" Name="Motor  75E-45W" Link="https://gioppygio.it/settings/e2/GioppyGio_E2_Motor_75E-45W_11-12-2022.zip" Date="11122022"/>
		<rule type="Marker" Number="2" Name="Motor 75E-45W + DTT Alta Murgia" Link="https://gioppygio.it/settings/e2+dtt/Alta%20Murgia/GioppyGio_E2_Motor_45W+75E+DTT-AltaMurgia_11-12-2022.zip" Date="11122022"/>
		<rule type="Marker" Number="3" Name="Motor 75E-45W + DTT Avellino" Link="https://gioppygio.it/settings/e2+dtt/Avellino/GioppyGio_E2_Motor_45W+75E+DTT-Avellino_11-12-2022.zip" Date="11122022"/>
		<rule type="Marker" Number="4" Name="Motor 75E-45W + DTT Fermo" Link="https://gioppygio.it/settings/e2+dtt/Fermo/GioppyGio_E2_Motor_75E_45W+DTT-Fermo_11-12-2022.zip" Date="11122022"/>
		<rule type="Marker" Number="5" Name="Motor 75E-45W + DTT Italia" Link="https://gioppygio.it/settings/e2+dtt/Italia/GioppyGio_E2_Motor_75E_45W+DTT-Italia_11-12-2022.zip" Date="11122022"/>
		<rule type="Marker" Number="6" Name="Motor 75E-45W + DTT Enna" Link="https://gioppygio.it/settings/e2+dtt/Enna/GioppyGio_E2_Motor_45W+75E+DTT-Enna_11-12-2022.zip" Date="11122022"/>
		<rule type="Marker" Number="7" Name="Motor 75E-45W + DTT Lecce" Link="https://gioppygio.it/settings/e2+dtt/Lecce/GioppyGio_E2_Motor_45W+75E+DTT-Lecce_11-12-2022.zip" Date="11122022"/>
		<rule type="Marker" Number="8" Name="Motor 75E-45W + DTT Matera" Link="https://gioppygio.it/settings/e2+dtt/Matera/GioppyGio_E2_Motor_45W%2075E%20DTT-Matera_11-12-2022.zip" Date="11122022"/>
		<rule type="Marker" Number="9" Name="Motor 75E-45W + DTT Milano" Link="https://gioppygio.it/settings/e2+dtt/Milano/GioppyGio_E2_Motor_45W+75E+DTT-Milano_11-12-2022.zip" Date="11122022"/>
		<rule type="Marker" Number="10" Name="Motor 75E-45W + DTT Napoli" Link="https://gioppygio.it/settings/e2+dtt/Napoli/GioppyGio_E2_Motor_45W+75E+DTT-Napoli_11-12-2022.zip" Date="11122022"/>
		<rule type="Marker" Number="11" Name="Motor 75E-45W + DTT Palermo" Link="https://gioppygio.it/settings/e2+dtt/Palermo/GioppyGio_E2_Motor_45W+75E+DTT-Palermo_11-12-2022.zip" Date="11122022"/>
		<rule type="Marker" Number="12" Name="Motor 75E-45W + DTT Pescara" Link="https://gioppygio.it/settings/e2+dtt/Pescara/GioppyGio_E2_Motor_45W+75E+DTT-Pescara_11-12-2022.zip" Date="11122022"/>
		<rule type="Marker" Number="13" Name="Motor 75E-45W + DTT Roma" Link="https://gioppygio.it/settings/e2+dtt/Roma/GioppyGio_E2_Motor_45W+75E+DTT-Roma_11-12-2022.zip" Date="11122022"/>
		<rule type="Marker" Number="14" Name="Motor 75E-45W + DTT Salerno" Link="https://gioppygio.it/settings/e2+dtt/Salerno/GioppyGio_E2_Motor_45W+75E+DTT-Salerno_11-12-2022.zip" Date="11122022"/>
		<rule type="Marker" Number="15" Name="Motor 75E-45W + DTT Torino" Link="https://gioppygio.it/settings/e2+dtt/Torino/GioppyGio_E2_Motor_45W+75E+DTT-Torino_11-12-2022.zip" Date="11122022"/>
	</ruleset>
	<ruleset name="dtt">
		<rule type="Marker" Number="1" Name="Digitale Terrestre Agrigento" Link="https://gioppygio.it/liste-dtt/Digitale%20Terrestre%20Agrigento.zip" Date="22082022"/>
		<rule type="Marker" Number="2" Name="Digitale Terrestre Alt.Villa Milicia (PA)" Link="https://gioppygio.it/liste-dtt/Digitale%20Terrestre%20Alt.Villa%20Milicia%20(PA).zip" Date="19082022"/>
		<rule type="Marker" Number="3" Name="Digitale Terrestre Alta Murgia" Link="https://gioppygio.it/liste-dtt/Digitale%20Terrestre%20Alta%20Murgia.zip" Date="21042022"/>
		<rule type="Marker" Number="4" Name="Digitale Terrestre Avellino" Link="https://gioppygio.it/liste-dtt/Digitale%20Terrestre%20Avellino.zip" Date="20102022"/>
		<rule type="Marker" Number="11" Name="Digitale Terrestre Bari" Link="https://gioppygio.it/liste-dtt/Digitale%20Terrestre%20Bari.zip" Date="20112022"/>
		<rule type="Marker" Number="5" Name="Digitale Terrestre Besozzo (VA)" Link="https://gioppygio.it/liste-dtt/Digitale%20Terrestre%20Besozzo%20(VA).zip" Date="19082022" />
		<rule type="Marker" Number="6" Name="Digitale Terrestre Bolzano" Link="https://gioppygio.it/liste-dtt/Digitale%20Terrestre%20Bolzano.zip" Date="20072022"/>
		<rule type="Marker" Number="86" Name="Digitale Terrestre Cagliari" Link="https://gioppygio.it/liste-dtt/Digitale%20Terrestre%20Cagliari.zip" Date="11112022"/>
		<rule type="Marker" Number="7" Name="Digitale Terrestre Campana (CS)" Link="https://gioppygio.it/liste-dtt/Digitale%20Terrestre%20Campana%20(CS).zip" Date="07092022"/>
		<rule type="Marker" Number="8" Name="Digitale Terrestre Caprino Veronese (VR)" Link="https://gioppygio.it/liste-dtt/Digitale%20Terrestre%20Caprino%20Veronese%20(VR).zip" Date="17092022"/>
		<rule type="Marker" Number="9" Name="Digitale Terrestre Caserta" Link="https://gioppygio.it/liste-dtt/Digitale%20Terrestre%20Caserta.zip" Date="03092022"/>
		<rule type="Marker" Number="10" Name="Digitale Terrestre Castellammare Stabia" Link="https://gioppygio.it/liste-dtt/Digitale%20Terrestre%20Castellammare%20di%20Stabia.zip" Date="11092022"/>
		<rule type="Marker" Number="12" Name="Digitale Terrestre Catania Barriera" Link="https://gioppygio.it/liste-dtt/Digitale%20Terrestre%20Catania%20Barriera.zip" Date="16052022"/>
		<rule type="Marker" Number="13" Name="Digitale Terrestre Catanzaro" Link="https://gioppygio.it/liste-dtt/Digitale%20Terrestre%20Catanzaro.zip" Date="06122022"/>
		<rule type="Marker" Number="14" Name="Digitale Terrestre Cheri (TO)" Link="https://gioppygio.it/liste-dtt/Digitale%20Terrestre%20Cheri%20(TO).zip" Date="20072022"/>
		<rule type="Marker" Number="15" Name="Digitale Terrestre Cosenza" Link="https://gioppygio.it/liste-dtt/Digitale%20Terrestre%20Cosenza.zip" Date="18082022"/>
		<rule type="Marker" Number="16" Name="Digitale Terrestre Crispiano (TA)" Link="https://gioppygio.it/liste-dtt/Digitale%20Terrestre%20Crispiano%20%5bTA%5d%20.zip" Date="29112022"/>
		<rule type="Marker" Number="17" Name="Digitale Terrestre Emilia Romagna" Link="https://gioppygio.it/liste-dtt/Digitale%20Terrestre%20Emilia%20Romagna.zip" Date="09122022"/>
		<rule type="Marker" Number="19" Name="Digitale Terrestre Enna" Link="https://gioppygio.it/liste-dtt/Digitale%20Terrestre%20Sicilia%20Centrale%20%5bENNA%5d.zip" Date="06122022"/>
		<rule type="Marker" Number="20" Name="Digitale Terrestre Fermo Marche" Link="https://gioppygio.it/liste-dtt/Digitale%20Terrestre%20Fermo%20%5bMarche%5d.zip" Date="06112022"/>
		<rule type="Marker" Number="21" Name="Digitale Terrestre Firenze" Link="https://gioppygio.it/liste-dtt/Digitale%20Terrestre%20Firenze.zip" Date="03092022"/>
		<rule type="Marker" Number="22" Name="Digitale Terrestre Forchia (BN)" Link="https://gioppygio.it/liste-dtt/Digitale%20Terrestre%20Forchia%20(BN).zip" Date="02072022"/>
		<rule type="Marker" Number="23" Name="Digitale Terrestre Frosinone" Link="https://gioppygio.it/liste-dtt/Digitale%20Terrestre%20Frosinone.zip" Date="24082022"/>
		<rule type="Marker" Number="24" Name="Digitale Terrestre G.no Campania (NA)" Link="https://gioppygio.it/liste-dtt/Digitale%20Terrestre%20Giugliano%20in%20Campania%20(NA).zip" Date="11062022"/>
		<rule type="Marker" Number="25" Name="Digitale Terrestre Gravina di Catania" Link="https://gioppygio.it/liste-dtt/Digitale%20Terrestre%20Gravina%20di%20Catania.zip" Date="30062022"/>
		<rule type="Marker" Number="26" Name="Digitale Terrestre Gravina di Puglia (BA)" Link="https://gioppygio.it/liste-dtt/Digitale%20Terrestre%20Gravina%20di%20Puglia.zip" Date="04052022"/>
		<rule type="Marker" Number="27" Name="Digitale Terrestre Gubbio" Link="https://gioppygio.it/liste-dtt/Digitale%20Terrestre%20Gubbio.zip" Date="13122022"/>
		<rule type="Marker" Number="28" Name="Digitale Terrestre Italia" Link="https://gioppygio.it/liste-dtt/Digitale%20Terrestre%20Italia.zip" Date="29082022"/>
		<rule type="Marker" Number="29" Name="Digitale Terrestre Itri (LT)" Link="https://gioppygio.it/liste-dtt/Digitale%20Terrestre%20Itri%20(LT).zip" Date="25082022"/>
		<rule type="Marker" Number="30" Name="Digitale Terrestre L'Aquila" Link="https://gioppygio.it/liste-dtt/Digitale%20Terrestre%20L'Aquila.zip" Date="25112022"/>
		<rule type="Marker" Number="31" Name="Digitale Terrestre Lago di Garda(VR)" Link="https://gioppygio.it/liste-dtt/Digitale%20Terrestre%20Lago%20di%20Garda%20(VR).zip" Date="01042022"/>
		<rule type="Marker" Number="32" Name="Digitale Terrestre Lecco" Link="https://gioppygio.it/liste-dtt/Digitale%20Terrestre%20Lecco.zip" Date="31072022"/>
		<rule type="Marker" Number="18" Name="Digitale Terrestre Lesignano Bagni (PR)" Link="https://gioppygio.it/liste-dtt/Digitale%20Terrestre%20Lesignano%20Bagni%20(PR).zip" Date="02112022" />
		<rule type="Marker" Number="33" Name="Digitale Terrestre Lucca" Link="https://gioppygio.it/liste-dtt/Digitale%20Terrestre%20Lucca.zip" Date="15122022"/>
		<rule type="Marker" Number="34" Name="Digitale Terrestre Martina Franca (TA)" Link="https://gioppygio.it/liste-dtt/Digitale%20Terrestre%20Martina%20Franca.zip" Date="13122022"/>
		<rule type="Marker" Number="35" Name="Digitale Terrestre Matera" Link="https://gioppygio.it/liste-dtt/Digitale%20Terrestre%20Matera.zip" Date="20112022"/>
		<rule type="Marker" Number="36" Name="Digitale Terrestre Messina" Link="https://gioppygio.it/liste-dtt/Digitale%20Terrestre%20Messina.zip" Date="11052022"/>
		<rule type="Marker" Number="37" Name="Digitale Terrestre Milano-Miazza" Link="https://gioppygio.it/liste-dtt/Digitale%20Terrestre%20Milano-Miazza.zip" Date="28082022"/>
		<rule type="Marker" Number="38" Name="Digitale Terrestre Montelauro (CT)" Link="https://gioppygio.it/liste-dtt/Digitale%20Terrestre%20Montelauro%20(CT).zip" Date="26032022"/>
		<rule type="Marker" Number="39" Name="Digitale Terrestre Monza Brianza" Link="https://gioppygio.it/liste-dtt/Digitale%20Terrestre%20Monza%20Brianza.zip" Date="26042022"/>
		<rule type="Marker" Number="40" Name="Digitale Terrestre Milano" Link="https://gioppygio.it/liste-dtt/Digitale%20Terrestre%20Milano.zip" Date="28082022"/>
		<rule type="Marker" Number="41" Name="Digitale Terrestre Milazzo (ME)" Link="https://gioppygio.it/liste-dtt/Digitale%20Terrestre%20Milazzo%20(ME).zip" Date="03052022"/>
		<rule type="Marker" Number="42" Name="Digitale Terrestre Modena" Link="https://gioppygio.it/liste-dtt/Digitale%20Terrestre%20Modena.zip" Date="24052022"/>
		<rule type="Marker" Number="43" Name="Digitale Terrestre Napoli" Link="https://gioppygio.it/liste-dtt/Digitale%20Terrestre%20Napoli.zip" Date="02112022"/>
		<rule type="Marker" Number="44" Name="Digitale Terrestre Nocera Inferiore" Link="https://gioppygio.it/liste-dtt/Digitale%20Terrestre%20Nocera%20Inferiore.zip" Date="23062022"/>
		<rule type="Marker" Number="45" Name="Digitale Terrestre Novara" Link="https://gioppygio.it/liste-dtt/Digitale%20Terrestre%20Novara.zip" Date="03092022"/>
		<rule type="Marker" Number="46" Name="Digitale Terrestre Oschiri (SS)" Link="https://gioppygio.it/liste-dtt/Digitale%20Terrestre%20Oschiri%20(SS).zip" Date="30102022"/>
		<rule type="Marker" Number="47" Name="Digitale Terrestre Palermo" Link="https://gioppygio.it/liste-dtt/Digitale%20Terrestre%20Palermo.zip" Date="25082022"/>
		<rule type="Marker" Number="48" Name="Digitale Terrestre Pescara" Link="https://gioppygio.it/liste-dtt/Digitale%20Terrestre%20Pescara.zip" Date="30102022"/>
		<rule type="Marker" Number="49" Name="Digitale Terrestre Piacenza" Link="https://gioppygio.it/liste-dtt/Digitale%20Terrestre%20Piacenza.zip" Date="10102022"/>
		<rule type="Marker" Number="50" Name="Digitale Terrestre Pisa" Link="https://gioppygio.it/liste-dtt/Digitale%20Terrestre%20Pisa.zip" Date="11102022"/>
		<rule type="Marker" Number="51" Name="Digitale Terrestre Pompei" Link="https://gioppygio.it/liste-dtt/Digitale%20Terrestre%20Pompei.zip" Date="14092022"/>
		<rule type="Marker" Number="52" Name="Digitale Terrestre Ponte di Piave (TV)" Link="https://gioppygio.it/liste-dtt/Digitale%20Terrestre%20Ponte%20di%20Piave%20(TV).zip" Date="03052022"/>
		<rule type="Marker" Number="53" Name="Digitale Terrestre Porto Empedocle" Link="https://gioppygio.it/liste-dtt/Digitale%20Terrestre%20Porto%20Empedocle.zip" Date="16052022"/>
		<rule type="Marker" Number="54" Name="Digitale Terrestre Prato" Link="https://gioppygio.it/liste-dtt/Digitale%20Terrestre%20Prato.zip" Date="04082022"/>
		<rule type="Marker" Number="55" Name="Digitale Terrestre Reggio Cabria" Link="https://gioppygio.it/liste-dtt/Digitale%20Terrestre%20Reggio%20Calabria.zip" Date="01082022"/>
		<rule type="Marker" Number="56" Name="Digitale Terrestre Reggio Emilia" Link="https://gioppygio.it/liste-dtt/Digitale%20Terrestre%20Reggio%20Emilia.zip" Date="09122022"/>
		<rule type="Marker" Number="57" Name="Digitale Terrestre Roma" Link="https://gioppygio.it/liste-dtt/Digitale%20Terrestre%20Roma.zip" Date="13122022"/>
		<rule type="Marker" Number="58" Name="Digitale Terrestre Roma Aurelio" Link="https://gioppygio.it/liste-dtt/Digitale%20Terrestre%20Roma%20Aurelio.zip" Date="19102022"/>
		<rule type="Marker" Number="59" Name="Digitale Terrestre Roma Est" Link="https://gioppygio.it/liste-dtt/Digitale%20Terrestre%20Roma%20Est.zip" Date="13052022"/>
		<rule type="Marker" Number="60" Name="Digitale Terrestre Roma Nord" Link="https://gioppygio.it/liste-dtt/Digitale%20Terrestre%20Roma%20Nord.zip" Date="08122022"/>
		<rule type="Marker" Number="62" Name="Digitale Terrestre Rosolini (SR)" Link="https://gioppygio.it/liste-dtt/Digitale%20Terrestre%20Rosolini%20(SR).zip" Date="03052022"/>
		<rule type="Marker" Number="88" Name="Digitale Terrestre Rossano (CS)" Link="https://gioppygio.it/liste-dtt/Digitale%20Terrestre%20Rossano%20(CS).zip" Date="12122022"/>
		<rule type="Marker" Number="63" Name="Digitale Terrestre Rovigo" Link="https://gioppygio.it/liste-dtt/Digitale%20Terrestre%20Rovigo.zip" Date="21102022"/>
		<rule type="Marker" Number="61" Name="Digitale Terrestre S.Agata li Battiati (CT)" Link="https://gioppygio.it/liste-dtt/Digitale%20Terrestre%20S.Agata%20li%20Battiati%20(CT).zip" Date="17092022"/>
		<rule type="Marker" Number="64" Name="Digitale Terrestre S.Antonio Abate (NA)" Link="https://gioppygio.it/liste-dtt/Digitale%20Terrestre%20S.Antonio%20Abate%20(NA).zip" Date="24062022"/>
		<rule type="Marker" Number="65" Name="Digitale Terrestre Salerno" Link="https://gioppygio.it/liste-dtt/Digitale%20Terrestre%20Salerno.zip" Date="21112022"/>
		<rule type="Marker" Number="66" Name="Digitale Terrestre S.B.del Tronto" Link="https://gioppygio.it/liste-dtt/Digitale%20Terrestre%20San%20Benedetto%20del%20Tronto.zip" Date="12082022"/>
		<rule type="Marker" Number="67" Name="Digitale Terrestre Serpedi Cagliari" Link="https://gioppygio.it/liste-dtt/Digitale%20Terrestre%20Serpedi%20%5bCA%5d.zip" Date="06102022"/>
		<rule type="Marker" Number="68" Name="Digitale Terrestre Sicicli (RG)" Link="https://gioppygio.it/liste-dtt/Digitale%20Terrestre%20Sicicli%20(RG).zip" Date="02072022"/>
		<rule type="Marker" Number="69" Name="Digitale Terrestre Sperlonga (LT)" Link="https://gioppygio.it/liste-dtt/Digitale%20Terrestre%20Sperlonga%20(LT).zip" Date="06092022"/>
		<rule type="Marker" Number="70" Name="Digitale Terrestre Spoleto" Link="https://gioppygio.it/liste-dtt/Digitale%20Terrestre%20Spoleto.zip" Date="03062022"/>
		<rule type="Marker" Number="71" Name="Digitale Terrestre Sulmona V.P." Link="https://gioppygio.it/liste-dtt/Digitale%20Terrestre%20Sulmona%20-%20Valle%20Peligna%20(AQ).zip" Date="02072022"/>
		<rule type="Marker" Number="72" Name="Digitale Terrestre San.G.R. (FG)" Link="https://gioppygio.it/liste-dtt/Digitale%20Terrestre%20San%20Giovanni%20Rotondo%20(FG).zip" Date="25112022"/>
		<rule type="Marker" Number="73" Name="Digitale Terrestre Santeramo (BA)" Link="https://gioppygio.it/liste-dtt/Digitale%20Terrestre%20Santeramo%20in%20Colle%20%20(BA).zip" Date="13062022"/>
		<rule type="Marker" Number="74" Name="Digitale Terrestre Secinaro (AQ)" Link="https://gioppygio.it/liste-dtt/Digitale%20Terrestre%20Secinaro%20(AQ).zip" Date="04052022"/>
		<rule type="Marker" Number="75" Name="Digitale Terrestre Torino" Link="https://gioppygio.it/liste-dtt/Digitale%20Terrestre%20Torino.zip" Date="08062022"/>
		<rule type="Marker" Number="76" Name="Digitale Terrestre Trento" Link="https://gioppygio.it/liste-dtt/Digitale%20Terrestre%20Trento.zip" Date="29112022"/>
		<rule type="Marker" Number="77" Name="Digitale Terrestre Trepuzzi (LE)" Link="https://gioppygio.it/liste-dtt/Digitale%20Terrestre%20Trepuzzi%5bLE%5d.zip" Date="17112022"/>
		<rule type="Marker" Number="78" Name="Digitale Terrestre Treviso" Link="https://gioppygio.it/liste-dtt/Digitale%20Terrestre%20Treviso.zip" Date="07102022"/>
		<rule type="Marker" Number="79" Name="Digitale Terrestre Udine" Link="https://gioppygio.it/liste-dtt/Digitale%20Terrestre%20Udine.zip" Date="13122022"/>
		<rule type="Marker" Number="80" Name="Digitale Terrestre Venezia" Link="https://gioppygio.it/liste-dtt/Digitale%20Terrestre%20Venezia.zip" Date="30102022"/>
		<rule type="Marker" Number="81" Name="Digitale Terrestre Verona Est" Link="https://gioppygio.it/liste-dtt/Digitale%20Terrestre%20Verona%20Est.zip" Date="11102022"/>
		<rule type="Marker" Number="87" Name="Digitale Terrestre Verona Sud" Link="https://gioppygio.it/liste-dtt/Digitale%20Terrestre%20Verona%20Sud.zip" Date="29112022"/>
		<rule type="Marker" Number="82" Name="Digitale Terrestre Varese" Link="https://gioppygio.it/liste-dtt/Digitale%20Terrestre%20Varese.zip" Date="15092022"/>
		<rule type="Marker" Number="83" Name="Digitale Terrestre Villanova D'Asti" Link="https://gioppygio.it/liste-dtt/Digitale%20Terrestre%20Villanova%20D'Asti.zip" Date="21112022"/>
		<rule type="Marker" Number="84" Name="Digitale Terrestre Viterbo" Link="https://gioppygio.it/liste-dtt/Digitale%20Terrestre%20Viterbo.zip" Date="26112022"/>
		<rule type="Marker" Number="85" Name="Digitale Terrestre Z.Etnea (CT)" Link="https://gioppygio.it/liste-dtt/Digitale%20Terrestre%20Zafferana%20Etnea.zip" Date="17102022"/>
	</ruleset>
</rules>
